<?xml version="1.0" encoding="UTF-8"?>
<window>
  <!-- <backgroundcolor>0xff000000</backgroundcolor> -->
    <controls>
        <control type="label" id="51">
          <posx>90</posx>
          <posy>900</posy>
          <width>960</width>
          <height>200</height>
          <font>font45</font>
          <label> </label>
          <wrapmultiline>true</wrapmultiline>
          <animation effect="fade" time="1000">VisibleChange</animation>
        </control>

        <control type="label" id="52">
          <posx>90</posx>
          <posy>900</posy>
          <width>960</width>
          <height>200</height>
          <font>font45</font>
          <label> </label>
          <wrapmultiline>true</wrapmultiline>
        </control>
    </controls>
</window>
