<?xml version="1.0" encoding="UTF-8"?>
    <addon id="repository.evolve" name="Evolve Ecosystem" version="0.0.6" provider-name="smitchell6879">
        <requires>
            <import addon="xbmc.addon" version="12.0.0"/>
        </requires>
        <extension point="xbmc.addon.repository" name="Evolve Ecosystem">
            <info compressed="false">https://raw.githubusercontent.com/EvolveEcosystem/repository.evolve/master/addons.xml</info>
            <checksum>https://raw.githubusercontent.com/EvolveEcosystem/repository.evolve/master/addons.xml.md5</checksum>
            <datadir zip="true">https://raw.githubusercontent.com/EvolveEcosystem/repository.evolve/master/</datadir>
            <hashes>false</hashes>
        </extension>
        <extension point="xbmc.addon.metadata">
            <summary>Evolve Ecosytem</summary>
            <description>Collection of addon provided by smitchell6879 as part of Evolve Ecosystem</description>
            <platform>all</platform>
    </extension>
</addon>
