<?xml version="1.0" encoding="UTF-8"?>
<window>
  <!-- <backgroundcolor>0xff000000</backgroundcolor> -->
    <controls>
        <control type="image" id="50">
            <description>fader</description>
            <posx>0</posx>
            <posy>0</posy>
            <width>1920</width>
            <height>1080</height>
        </control>
        <control type="label" id="51">
          <posx>90</posx>
          <posy>900</posy>
          <width>960</width>
          <height>200</height>
          <font>font45</font>
          <wrapmultiline>true</wrapmultiline>
          <animation effect="fade" time="1000">VisibleChange</animation>
        </control>
    </controls>
</window>
