<?xml version="1.0" encoding="UTF-8" standalone="yes"?>
<addon id="screensaver.evolve.apple"
    name="Evolve: Apple Screensavers"
    version="1.1.0"
    provider-name="smitchell6879">
  <requires>
    <import addon="xbmc.python" version="2.14.0"/>
    <import addon="script.module.urllib3" version="1.22"/>
  </requires>
  <extension point="xbmc.ui.screensaver" library="main.py" />
  <extension point="xbmc.addon.metadata">
    <platform>all</platform>
    <summary lang="en">Apple TV Screensavers</summary>
    <description lang="en">Enjoy breathtaking Aerials of locations shot all over the world and from space. Get location information with just a tap and switch to a different Aerial with a swipe.</description>
    <website></website>
    <email>evolveecosystem@gmail.com</email>
    <assets>
		<icon>resources/icon.jpg</icon>
    </assets>
    <news></news>
    <source></source>
  </extension>
</addon>
