<?xml version="1.0" encoding="UTF-8" standalone="yes"?>
<addon id="script.module.pymysql"
       name="pymysql"
       version="0.9.3"
       provider-name="PyMySQL">
  <requires>
    <import addon="xbmc.python" version="2.25.0"/>
  </requires>
  <extension point="xbmc.python.module"
             library="lib" />
  <extension point="xbmc.addon.metadata">
    <summary lang="en_GB">Simple MySql Connector for Python</summary>
    <description lang="en_GB">Simple MySql Connector for Python. Package by smitchell6879</description>
    <platform>all</platform>
    <license>MIT</license>
    <forum></forum>
    <website>http://pymysql.readthedocs.io/</website>
    <source>https://github.com/PyMySQL/PyMySQL</source>
  </extension>
</addon>
