{
    "A001_C001_120530_0": "Over the North Atlantic Ocean heading towards Portugal",
    "A001_C001_120530_115": "Over Portugal and Spain",
    "A001_C001_120530_150": "Moving away from the Iberian Peninsula and passing over the Bay of Biscay and France",
    "A001_C001_120530_180": "Over Western Europe with the North Atlantic Ocean in the distance",
    "A001_C004_1207W5_0": "The Canary Islands, Atlantic Ocean and coast of Africa",
    "A001_C004_1207W5_105": "Over Morocco approaching the Mediterranean Sea",
    "A001_C004_1207W5_125": "The Mediterranean Sea and southern Spain",
    "A001_C004_1207W5_145": "Travelling northeast over Spain's Costa Blanca",
    "A001_C004_1207W5_165": "Travelling northeast over Spain's Balearic Islands",
    "A001_C004_1207W5_185": "Over the western Mediterranean Sea with the Alps beyond",
    "A001_C004_1207W5_220": "Moving north-east over the Alps",
    "A001_C004_1207W5_45": "Moving north-east along the coast of Morocco",
    "A001_C004_1207W5_75": "Passing over the Atlas Mountains in Morocco",
    "A001_C007_0": "Golden Jellyfish in the waters of Palau",
    "A001_C007_282": "Golden Jellyfish with a Moon Jellyfish in their midst",
    "A001_C007_348": "Golden Jellyfish in the waters of Palau",
    "A002_C009_0": "Golden Jellyfish in the waters of Palau",
    "A004_C003_0": "Coral reef near Palau",
    "A004_C012_0": "Downtown San Francisco",
    "A004_C012_100": "Downtown San Francisco with Coit Tower in the foreground",
    "A006_C003_0": "San Francisco Bay and the Golden Gate Bridge",
    "A006_C003_140": "Heading over the north tower of the Golden Gate Bridge towards San Francisco",
    "A006_C003_191": "Over San Francisco Bay",
    "A007_C017_0": "Over Fisherman's Wharf heading towards downtown San Francisco",
    "A007_C017_150": "Passing Coit Tower towards downtown San Francisco and the Bay Bridge",
    "A007_C017_196": "Downtown San Francisco",
    "A007_C017_80": "Approaching Coit Tower with downtown San Francisco and the Bay Bridge in the background",
    "A008_C007_0": "Over the Marin Headlands looking towards the Golden Gate Bridge",
    "A008_C007_150": "Crossing the Golden Gate Bridge towards the Presidio of San Francisco",
    "A009_C001_10181A_0": "Over western Africa moving towards the Sahara",
    "A009_C001_10181A_110": "Passing over the Ahaggar Mountains in the Sahara, North Africa",
    "A009_C001_10181A_155": "Over the Grand Erg Oriental in North Africa moving towards the Mediterranean Sea",
    "A009_C001_10181A_195": "The coast of Tunisia and the Mediterranean Sea",
    "A009_C001_10181A_210": "Over the coast of Tunisia travelling towards Italy",
    "A009_C001_10181A_230": "Approaching Italy in the Mediterranean Sea",
    "A009_C001_10181A_245": "Over Italy travelling towards the Balkan Peninsula",
    "A009_C001_10181A_285": "Over the Balkan Peninsula heading towards the Carpathian Mountains",
    "A009_C001_10181A_30": "Crossing the Sahara in North Africa",
    "A009_C001_10181A_310": "The Carpathian Mountains and the Black Sea",
    "A010_C002_0": "Drifting through a kelp forest near Cape Peninsula, South Africa",
    "A010_C007_0": "Golden Jellyfish in the waters of Palau",
    "A012_C004_0": "Over the Marin Headlands looking towards the Golden Gate Bridge",
    "A012_C004_150": "Crossing the Golden Gate Bridge towards the Presidio of San Francisco",
    "A012_C014_0": "Over San Francisco Bay moving towards the Embarcadero",
    "A012_C014_208": "Following Market Street through San Francisco",
    "A012_C031_0": "Horned Sea Stars on the ocean floor near Borneo",
    "A013_C004_0": "Over San Francisco Bay moving towards the Embarcadero",
    "A013_C004_150": "Following Market Street through downtown San Francisco",
    "A013_C004_360": "Following Market Street through San Francisco",
    "A013_C004_90": "Over the Embarcadero looking down Market Street in San Francisco",
    "A013_C005_0": "Moving along the Presidio of San Francisco towards the Golden Gate Bridge",
    "A013_C005_190": "Crossing the Golden Gate Bridge towards the Marin Headlands",
    "A013_C012_0": "Approaching the Golden Gate Bridge from San Francisco",
    "A013_C012_140": "Crossing over the Golden Gate Bridge",
    "A013_C012_230": "Passing by the North Tower of the Golden Gate Bridge",
    "A013_C012_260": "Over San Francisco Bay travelling alongside the Golden Gate Bridge",
    "A013_C012_60": "Alongside the Golden Gate Bridge heading towards the Marin Headlands",
    "A014_C008_0": "Bumphead Parrotfish over the coral reefs off Borneo",
    "A014_C023_0": "A school of Bigeye Jacks off the coast of Borneo",
    "A015_C014_0": "Over San Francisco Bay moving towards the Embarcadero",
    "A015_C014_210": "Following Market Street through downtown San Francisco",
    "A015_C018_0": "Approaching the Bay Bridge and downtown San Francisco",
    "A015_C018_116": "Over San Francisco Bay heading towards downtown",
    "A015_C018_80": "Crossing over the Bay Bridge heading towards downtown San Francisco",
    "A016_C009_0": "Cape Fur Seals off the coast of Cape Peninsula, South Africa",
    "A018_C014_0": "Approaching downtown San Francisco with Sutro Tower in the distance",
    "A018_C014_10": "The Transamerica Pyramid in downtown San Francisco",
    "A018_C014_40": "Downtown San Francisco with Sutro Tower in the distance",
    "A018_C029_0": "A school of Chevron Barracuda in the waters near Borneo",
    "A050_C004_1027V8_0": "Travelling over Western Europe with the British Isles in the distance",
    "A050_C004_1027V8_100": "Greece flanked by the Ionian and Aegean Seas",
    "A050_C004_1027V8_160": "Travelling south-east over the Mediterranean Sea",
    "A050_C004_1027V8_185": "The Mediterranean Sea and the Nile River Delta",
    "A050_C004_1027V8_20": "Heading south-east over the Alps and the Po River Valley",
    "A050_C004_1027V8_205": "The Nile River flowing through the Sahara in Egypt",
    "A050_C004_1027V8_220": "The Eastern Desert flanked by the Nile River and the Gulf of Suez",
    "A050_C004_1027V8_240": "Heading south-east over the Red Sea",
    "A050_C004_1027V8_50": "Moving down the Italian Peninsula and the Adriatic Sea",
    "A083_C002_1130KZ_0": "The reflection of the sun along the coast of Iran",
    "A083_C002_1130KZ_15": "Moving from day to night over Iran",
    "A083_C002_1130KZ_60": "Moving from day to night over central Asia",
    "A103_C002_0205DG_0": "Over the Horn of Africa travelling towards the Gulf of Aden",
    "A103_C002_0205DG_115": "The Gulf of Oman approaching the Makran Coast",
    "A103_C002_0205DG_145": "The Makran Coast of Iran and Pakistan",
    "A103_C002_0205DG_160": "Over Iran moving towards Afghanistan and Pakistan",
    "A103_C002_0205DG_180": "Over Afghanistan and Pakistan moving towards the Karakoram Range",
    "A103_C002_0205DG_235": "Over the Karakoram Range travelling into China",
    "A103_C002_0205DG_280": "The Takla Makan Desert in western China",
    "A103_C002_0205DG_315": "The Tian Shan mountains in Central Asia",
    "A103_C002_0205DG_45": "The south-eastern Arabian Peninsula",
    "A105_C002_021206_002_0": "Over the Pacific Ocean moving towards Central America",
    "A105_C002_021206_002_100": "Crossing Central America towards the Caribbean Sea",
    "A105_C002_021206_002_150": "Over the Caribbean Sea moving towards Cuba",
    "A105_C002_021206_002_240": "Over Cuba with Florida and the Bahamas beyond",
    "A105_C002_021206_002_300": "Over Florida and the Bahamas travelling towards the Sargasso Sea",
    "A105_C002_021206_002_350": "Over the Sargasso Sea heading out into the Atlantic Ocean",
    "A105_C002_021206_002_70": "The south-west coast of Central America heading towards the Caribbean Sea",
    "A105_C003_0212CT_0": "Crossing from night to day over the South Pacific Ocean",
    "A105_C003_0212CT_110": "Approaching sunrise over New Zealand",
    "A105_C003_0212CT_170": "Leaving New Zealand heading north-east over the Pacific Ocean",
    "A105_C003_0212CT_70": "Crossing from night to day over New Zealand",
    "A108_C001_0215V8_0": "Travelling over the Pacific Ocean towards Central America",
    "A108_C001_0215V8_110": "Passing by a cloud-covered Jamaica in the Caribbean Sea",
    "A108_C001_0215V8_125": "Crossing over Cuba looking towards Haiti and the Dominican Republic",
    "A108_C001_0215V8_170": "Travelling over the Bahamas looking towards Haiti and the Dominican Republic",
    "A108_C001_0215V8_190": "Turks and Caicos Islands in the Atlantic Ocean",
    "A108_C001_0215V8_35": "The Pacific coasts of Nicaragua, Costa Rica and Panama",
    "A108_C001_0215V8_50": "Passing over Central America with South America in the distance",
    "A108_C001_0215V8_65": "The Mosquito Coast of Nicaragua",
    "A108_C001_0215V8_85": "Over the Caribbean Sea travelling towards Cuba",
    "A114_C001_0305OT_0": "Over the Pacific Ocean heading towards the United States",
    "A114_C001_0305OT_130": "The Sierra Madre Occidental mountains on the west coast of Mexico",
    "A114_C001_0305OT_185": "Over the Sierra Madre Occidental mountains moving towards the west coast of Mexico",
    "A114_C001_0305OT_20": "Travelling south down the coast of California",
    "A114_C001_0305OT_225": "Looking south to the Pacific Ocean over the Sierra Madre del Sur in Mexico",
    "A114_C001_0305OT_280": "The Pacific Ocean off the coast of Mexico",
    "A114_C001_0305OT_290": "The Pacific Ocean off the coast of Mexico and Guatemala",
    "A114_C001_0305OT_50": "Over southern California moving towards Mexico",
    "A114_C001_0305OT_65": "Approaching the Mojave Desert in southern California with Mexico beyond",
    "A114_C001_0305OT_95": "The Gulf of California flanked by the Sonoran Desert and the Baja California Peninsula",
    "A351_C001_1213SK_0": "Travelling north-east over the Ethiopian Highlands",
    "A351_C001_1213SK_100": "Heading north-east over the Arabian Peninsula",
    "A351_C001_1213SK_130": "Over the Arabian Peninsula moving towards Iran",
    "A351_C001_1213SK_165": "Over the Arabian Peninsula approaching Iran",
    "A351_C001_1213SK_190": "Approaching the coast of Iran with the Zagros Mountains beyond",
    "A351_C001_1213SK_210": "Over the Zagros Mountains in Iran",
    "A351_C001_1213SK_240": "Over the Dasht-e Lut desert in Iran",
    "A351_C001_1213SK_265": "Moving towards Turkmenistan and the Garagum Desert",
    "A351_C001_1213SK_305": "The Amu Darya River and the Pamir-Alay Mountains in central Asia",
    "A351_C001_1213SK_322": "The Pamir-Alay Mountains and the Fergana Valley in central Asia",
    "A351_C001_1213SK_360": "Heading into south-eastern Kazakhstan from Kyrgyzstan",
    "A351_C001_1213SK_400": "Travelling north over Kazakhstan",
    "A351_C001_1213SK_45": "Travelling over the Red Sea into the Arabian Peninsula",
    "A351_C001_1213SK_450": "Over the Altai Mountains moving into Mongolia",
    "C001_C005_0": "The Mutianyu section of the Great Wall in Huairou District, China",
    "C003_C003_0": "The Mutianyu section of the Great Wall in Huairou District, China",
    "C004_C003_0": "The Mutianyu section of the Great Wall in Huairou District, China",
    "CH_C002_C005_0": "Passing over the Longji rice terraces in Guangxi Province, China",
    "CH_C007_C004_0": "Exploring Wulingyuan National Park in China",
    "CH_C007_C011_0": "Travelling through Wulingyuan National Park in China",
    "DB_D001_C001_0": "Flying over Dubai Marina in the United Arab Emirates",
    "DB_D001_C005_0": "Flying along Dubai Marina in the United Arab Emirates",
    "DB_D002_C003_0": "Approaching Downtown Dubai in the United Arab Emirates",
    "DB_D002_C003_210": "Heading over Downtown Dubai in the United Arab Emirates",
    "DB_D008_C010_0": "Travelling along Sheikh Zayed Road in Dubai, United Arab Emirates",
    "DB_D011_C010_0": "Approaching Burj Khalifa in Downtown Dubai, United Arab Emirates",
    "DB_D011_C010_280": "Passing by Burj Khalifa in Downtown Dubai, United Arab Emirates",
    "DB_D011_C010_330": "Over Downtown Dubai approaching the coast",
    "GL_G002_C002_0": "The Ilulissat Icefjord off the coast of Greenland",
    "GL_G004_C010_0": "Travelling along the Nuussuaq Peninsula in Greenland",
    "GL_G010_C006_0": "The Ilulissat Icefjord off the coast of Greenland",
    "GMT026_363A_103NC_E1027_0": "Moving south-east over Siberia and Mongolia",
    "GMT026_363A_103NC_E1027_110": "Over China heading towards the Korean Peninsula",
    "GMT026_363A_103NC_E1027_150": "The Korean Peninsula with Japan in the distance",
    "GMT026_363A_103NC_E1027_180": "Over South Korea travelling towards Japan",
    "GMT026_363A_103NC_E1027_195": "Over Japan looking towards the Pacific Ocean",
    "GMT026_363A_103NC_E1027_22": "Heading towards Inner Mongolia",
    "GMT026_363A_103NC_E1027_260": "Over the Pacific Ocean south-east of Japan",
    "GMT026_363A_103NC_E1027_32": "Over Mongolia travelling towards China",
    "GMT026_363A_103NC_E1027_60": "Over northern China moving towards the Korean Peninsula",
    "GMT060_117NC_363D_0": "Over the Indian Ocean heading towards Perth, Australia",
    "GMT060_117NC_363D_170": "Over Western Australia approaching the Northern Territory",
    "GMT060_117NC_363D_220": "Over the Northern Territory, Australia moving towards New Guinea",
    "GMT060_117NC_363D_335": "Over the Arafura Sea travelling towards New Guinea",
    "GMT060_117NC_363D_50": "Travelling north-east across Western Australia",
    "GMT110_112NC_364D_1054_0": "Aurora Australis over Antarctica",
    "GMT306_139NC_139J_3066_0": "Over the Pacific Ocean moving towards the California coast",
    "GMT306_139NC_139J_3066_110": "Over Las Vegas heading towards Salt Lake City in the United States",
    "GMT306_139NC_139J_3066_120": "Over the western United States approaching Salt Lake City",
    "GMT306_139NC_139J_3066_155": "Passing between Salt Lake City and Denver in the United States",
    "GMT306_139NC_139J_3066_170": "Over the Rocky Mountains in the United States",
    "GMT306_139NC_139J_3066_70": "Over the California coast travelling inland",
    "GMT306_139NC_139J_3066_85": "Passing over Los Angeles on the west coast of the United States",
    "GMT306_139NC_139J_3066_95": "Over Los Angeles approaching Las Vegas in the United States",
    "GMT307_136NC_134K_8277_0": "Over the Pacific Ocean heading towards Mexico",
    "GMT307_136NC_134K_8277_105": "Passing over Mexico City towards the Gulf of Mexico",
    "GMT307_136NC_134K_8277_122": "Flying over the Gulf of Mexico towards the United States",
    "GMT307_136NC_134K_8277_180": "Passing by Houston and approaching New Orleans in the United States",
    "GMT307_136NC_134K_8277_190": "Heading over New Orleans and the Gulf Coast of the United States",
    "GMT307_136NC_134K_8277_215": "Moving over the south-eastern United States",
    "GMT307_136NC_134K_8277_280": "Over the eastern United States travelling towards New York",
    "GMT307_136NC_134K_8277_320": "Over the eastern United States approaching New York City",
    "GMT308_139K_142NC_0": "Heading south-east over the Great Plains of the United States",
    "GMT308_139K_142NC_120": "Over the south-east United States heading towards Florida",
    "GMT308_139K_142NC_220": "Over Florida travelling towards the Bahamas",
    "GMT308_139K_142NC_240": "Moving south-east over the Bahamas",
    "GMT308_139K_142NC_285": "Over the Bahamas approaching the Dominican Republic and Haiti",
    "GMT308_139K_142NC_300": "Over the Dominican Republic and Haiti approaching the Caribbean Sea",
    "GMT308_139K_142NC_315": "Over the Caribbean Sea heading south towards Venezuela",
    "GMT308_139K_142NC_90": "Heading south-east over the Midwest United States",
    "GMT312_162NC_139M_1041_0": "Travelling north-east over the Sahara at night",
    "GMT312_162NC_139M_1041_100": "The Mediterranean coast of Tunisia and Libya",
    "GMT312_162NC_139M_1041_120": "Moving over the Mediterranean Sea towards Italy",
    "GMT312_162NC_139M_1041_140": "Over southern Italy approaching the Balkan Peninsula with Turkey in the distance",
    "GMT312_162NC_139M_1041_165": "Over the Balkan Peninsula moving towards the Black Sea",
    "GMT312_162NC_139M_1041_180": "Over the Balkan Peninsula approaching the Black Sea",
    "GMT312_162NC_139M_1041_210": "Travelling over the Black Sea towards Ukraine",
    "GMT312_162NC_139M_1041_230": "Travelling over Ukraine towards Russia",
    "GMT312_162NC_139M_1041_70": "Over the Grand Erg Oriental heading towards the Mediterranean Sea",
    "GMT314_139M_170NC_0": "Over the Pacific Ocean moving towards Baja California",
    "GMT314_139M_170NC_110": "Over the Rocky Mountains approaching Denver",
    "GMT314_139M_170NC_125": "Travelling over the Great Plains of the United States",
    "GMT314_139M_170NC_185": "Approaching the Great Lakes with Ontario, Canada beyond",
    "GMT314_139M_170NC_200": "Over the Great Lakes approaching Ontario, Canada",
    "GMT314_139M_170NC_210": "The Aurora Borealis over western Ontario, Canada",
    "GMT314_139M_170NC_235": "The Aurora Borealis over northern Ontario, Canada",
    "GMT314_139M_170NC_250": "The Aurora Borealis over northern Quebec, Canada",
    "GMT314_139M_170NC_300": "Heading towards the North Atlantic with the Aurora Borealis over Labrador, Canada",
    "GMT314_139M_170NC_45": "Over Baja California looking north towards the United States",
    "GMT314_139M_170NC_55": "Over Mexico heading towards the south-west United States",
    "GMT314_139M_170NC_75": "Over the south-west United States",
    "GMT329_117NC_401C_1037_0": "Over the North Atlantic approaching the British Isles",
    "GMT329_117NC_401C_1037_105": "Over central Europe heading towards Russia",
    "GMT329_117NC_401C_1037_15": "Ireland and the United Kingdom",
    "GMT329_117NC_401C_1037_150": "Over eastern Europe with Moscow in the distance",
    "GMT329_117NC_401C_1037_165": "Over eastern Europe looking towards Moscow",
    "GMT329_117NC_401C_1037_185": "Over western Russia passing Moscow",
    "GMT329_117NC_401C_1037_195": "Over Russia travelling towards central Asia",
    "GMT329_117NC_401C_1037_45": "Over the United Kingdom travelling towards mainland Europe",
    "GMT329_117NC_401C_1037_65": "Over north-western Europe heading towards Russia",
    "GMT329_1_113NC_396B_1105_0": "Over Tunisia heading towards Italy",
    "GMT329_1_113NC_396B_1105_15": "Over southern Italy with the Balkan Peninsula beyond",
    "GMT329_1_113NC_396B_1105_25": "Over the Balkan Peninsula moving towards central Asia",
    "GMT329_1_113NC_396B_1105_40": "Over the Balkan Peninsula passing by the Black Sea",
    "GMT329_1_113NC_396B_1105_5": "Over the Mediterranean Sea looking towards Sicily and the Italian Peninsula",
    "GMT329_1_113NC_396B_1105_55": "Over Ukraine with Russia beyond",
    "GMT329_1_113NC_396B_1105_75": "Over south-west Russia passing by Kazakhstan",
    "GMT329_2_113NC_396B_1105_0": "Over central Asia travelling towards coastal China",
    "GMT329_2_113NC_396B_1105_10": "Over central China travelling towards Shanghai",
    "GMT329_2_113NC_396B_1105_30": "Heading over eastern China approaching Shanghai",
    "GMT329_2_113NC_396B_1105_45": "Approaching Shanghai heading towards the East China Sea",
    "GMT329_2_113NC_396B_1105_50": "Over Shanghai moving towards the East China Sea",
    "H004_C007_0": "Above the Pu'u O 'Umi Natural Area Reserve, on the island of Hawaii",
    "H004_C009_0": "Above the Pu'u O 'Umi Natural Area Reserve, on the island of Hawaii",
    "H005_C012_0": "The Waimanu Valley in the Kohala Forest Reserve on the island of Hawaii",
    "H007_C003_0": "Flying over Laup hoehoe Nui in the Kohala Forest Reserve on the island of Hawaii",
    "H010_C006_0": "Approaching the Honop Valley in the Kohala Forest Reserve on the island of Hawaii",
    "H010_C006_300": "The Honop Valley in the Kohala Forest Reserve on the island of Hawaii",
    "H012_C009_0": "Following the Kohala coastline on the island of Hawaii",
    "HK_B005_C011_0": "Over Victoria Harbour heading towards Central Hong Kong",
    "HK_H004_C001_0": "Over Victoria Harbour heading towards Central Hong Kong",
    "HK_H004_C008_0": "Over Victoria Harbour facing Hong Kong Island",
    "HK_H004_C010_0": "Flying over Victoria Peak in Hong Kong",
    "HK_H004_C010_150": "Flying over Hong Kong towards Victoria Harbour",
    "HK_H004_C010_330": "Over Victoria Harbour approaching the Kowloon Peninsula",
    "HK_H004_C013_0": "Over Wan Chai approaching Central Hong Kong",
    "HK_H004_C013_150": "Over Central Hong Kong",
    "HK_H004_C013_270": "Over Hong Kong Island",
    "L004_C011_0": "Approaching Tower Bridge on the River Thames, London",
    "L004_C011_130": "Following the River Thames towards the London Eye",
    "L004_C011_20": "Following the River Thames in London",
    "L004_C011_210": "Approaching the London Eye on the River Thames",
    "L004_C011_310": "Following the River Thames past the London Eye",
    "L004_C011_325": "Passing the Houses of Parliament on the River Thames in London",
    "L007_C007_0": "Passing over the grounds of Buckingham Palace, London",
    "L007_C007_104": "Crossing the River Thames and passing over the London Eye",
    "L007_C007_149": "Passing over South London",
    "L007_C007_24": "Over Buckingham Palace in London",
    "L007_C007_279": "Passing by The Shard in South London",
    "L007_C007_299": "Crossing the River Thames in London",
    "L007_C007_324": "Crossing the River Thames at Tower Bridge in London",
    "L007_C007_49": "Over St James's Park heading towards the River Thames, London",
    "L010_C006_0": "Approaching Tower Bridge on the River Thames, London",
    "L010_C006_178": "South of the River Thames in London",
    "L010_C006_258": "Crossing the River Thames in London",
    "L010_C006_78": "Following the River Thames in London",
    "L012_C002_0": "Approaching Tower Bridge on the River Thames, London",
    "L012_C002_20": "Crossing the River Thames in London",
    "L012_C002_200": "Crossing the River Thames towards Westminster, London",
    "L012_C002_270": "Over Westminster, London",
    "L012_C002_60": "Passing The Shard in South London",
    "L012_C002_92": "South of the River Thames heading towards the London Eye",
    "LA_A005_C009_0": "Following Interstate 110 north through Los Angeles",
    "LA_A006_C004_0": "The Hollywood Sign in Los Angeles",
    "LA_A006_C004_250": "Over the Hollywood Hills approaching Burbank, California",
    "LA_A006_C008_0": "Flying over Los Angeles International Airport",
    "LA_A008_C004_0": "Over Santa Monica State Beach near Los Angeles",
    "LA_A008_C004_365": "Passing over Santa Monica Pier near Los Angeles",
    "LA_A008_C004_430": "Over Santa Monica State Beach near Los Angeles",
    "LA_A009_C009_0": "Griffith Observatory and the Hollywood Hills in Los Angeles",
    "LA_A011_C003_0": "Passing Downtown Los Angeles",
    "LW_L001_C003_0": "Flying over Liwa Oasis in the United Arab Emirates",
    "LW_L001_C006_0": "Flying over Liwa Oasis in the United Arab Emirates",
    "N003_C006_0": "Over the Upper East Side and Central Park in New York",
    "N003_C006_160": "Approaching the Empire State Building in New York",
    "N003_C006_205": "Passing the Empire State Building moving towards Lower Manhattan",
    "N003_C006_50": "Over Midtown Manhattan heading downtown towards the Empire State Building",
    "N006_C003_0": "Approaching Lower Manhattan in New York",
    "N006_C003_140": "Over Lower Manhattan in New York moving towards Midtown",
    "N006_C003_40": "Over Lower Manhattan in New York",
    "N008_C003_0": "Approaching Lower Manhattan from New York Harbor",
    "N008_C003_110": "Alongside Lower Manhattan approaching One World Trade Center",
    "N008_C003_180": "Passing One World Trade Center towards Midtown Manhattan",
    "N008_C003_210": "Over Lower Manhattan in New York moving towards Midtown",
    "N008_C009_0": "Over Central Park travelling towards Midtown Manhattan in New York",
    "N008_C009_246": "Over Midtown Manhattan in New York",
    "N013_C004_0": "Heading down 7th Avenue towards Times Square, New York",
    "N013_C004_120": "Heading down 7th Avenue in Midtown Manhattan, New York",
    "N013_C004_40": "Over Times Square in New York"
}
